Timestamp,Transaction Type,Asset,Quantity Transacted,USD Spot Price at Transaction,USD Subtotal,USD Total (inclusive of fees),USD Fees
2021-09-09T17:22:10Z,Sell,ALGO,395.522105,2.3,911.53,897.95,13.58
2021-09-09T20:20:01Z,Sell,MANA,318.0536129,0.8587,273.11,269.04,4.07
2021-04-24T17:28:28Z,Buy,BTC,0.00392589,50182.25,197.01,200,2.99
2021-05-17T15:26:38Z,Buy,BTC,0.0021837,44424.6,97.01,100,2.99
2021-05-21T18:34:25Z,Buy,BTC,0.00261259,37131.74,97.01,100,2.99
2021-03-30T14:31:42Z,Buy,ETH,0.05260342,1844.18,97.01,100,2.99
2021-09-11T15:58:56Z,Buy,ETH,0.03181892,3328.21,105.9,108.89,2.99
2021-02-14T14:45:03Z,Buy,MANA,318.0536129,0.305,97.01,100,2.99
2021-03-14T16:35:22Z,Buy,ALGO,84.918943,1.14,97.01,100,2.99
2021-03-24T22:23:38Z,Buy,ALGO,94.857865,1.02,97.01,100,2.99
2021-05-05T16:47:50Z,Buy,ALGO,67.370593,1.44,97.01,100,2.99
2021-09-14T13:58:51Z,Buy,ALGO,96.296041,2.05,197.01,200,2.99
2021-09-17T23:16:33Z,Buy,ALGO,50.251113,1.93,97.01,100,2.99
2021-09-20T00:39:02Z,Buy,ALGO,50.482382,1.92,97.01,100,2.99
2021-09-20T14:22:10Z,Buy,ALGO,114.183278,1.73,197.01,200,2.99
2021-09-09T20:19:02Z,Sell,ATOM,5.294186,26.74,141.59,138.6,2.99
2021-04-11T18:28:43Z,Buy,ENJ,60.29832382,3.27,197.01,200,2.99
2021-04-04T22:01:24Z,Buy,CRV,31.60272499,3.07,97.01,100,2.99
2021-05-11T00:58:43Z,Buy,ICP,0.22448224,432.15,97.01,100,2.99
2021-05-07T19:21:06Z,Buy,CTSI,105.5520647,0.9191,97.01,100,2.99
2021-05-17T15:25:01Z,Buy,RLC,12.5932633,7.7,97.01,100,2.99
2021-06-04T20:01:28Z,Buy,DOGE,276.9969093,0.3863,107.01,110,2.99
2021-01-31T01:06:49Z,Buy,BTC,0.00139858,34327.68,48.01,50,1.99
2021-02-14T14:48:52Z,Buy,ALGO,33.140278,1.45,48.01,50,1.99
2021-03-28T21:35:37Z,Buy,ALGO,39.496605,1.22,48.01,50,1.99
2021-04-01T08:17:44Z,Buy,ALGO,34.899182,1.38,48.01,50,1.99
2021-04-15T08:19:07Z,Buy,ALGO,32.242171,1.49,48.01,50,1.99
2021-02-04T02:38:43Z,Buy,ATOM,5.17676,9.27,48.01,50,1.99
2021-03-26T03:44:09Z,Buy,STORJ,33.61561064,1.43,48.01,50,1.99
2021-03-26T03:39:27Z,Buy,ANKR,382.1691542,0.1256,48.01,50,1.99
2021-02-14T14:46:36Z,Buy,DNT,77.72237152,0.3025,23.51,25,1.49
2021-02-14T14:52:59Z,Buy,XTZ,2.764697,4.89,13.51,15,1.49
2021-02-14T14:35:11Z,Buy,BAT,15.79604926,0.5704,9.01,10,0.99
2021-02-14T14:51:32Z,Buy,DAI,8.94596713,1.01,9.01,10,0.99
2021-02-14T14:38:02Z,Buy,GRT,4.4707396,2.02,9.01,10,0.99
2021-09-14T12:40:03Z,Convert,USDC,200,1,199.09,200,0.91
2021-09-20T21:50:23Z,Convert,USDC,100,1,99.51,100,0.49
2021-05-14T12:33:58Z,Convert,ETH,0.05260342,3996.13,210.11,210.21,0.1
2021-02-02T06:00:21Z,Buy,BTC,0.00014759,34100,5.03,5.03,0
2021-07-21T18:58:48Z,Buy,USDC,10,1,10,10,0
2021-07-28T16:59:22Z,Buy,USDC,100,1,100,100,0
2021-08-02T18:11:54Z,Buy,USDC,100,1,100,100,0
2021-08-02T21:38:35Z,Buy,USDC,100,1,100,100,0
2021-08-06T19:44:58Z,Rewards Income,USDC,0.001771,1,0,0,0
2021-08-13T20:32:08Z,Buy,USDC,100,1,100,100,0
2021-08-13T21:08:28Z,Buy,USDC,200,1,200,200,0
2021-08-17T21:09:47Z,Buy,USDC,100,1,100,100,0
2021-08-20T06:26:38Z,Buy,USDC,100,1,100,100,0
2021-08-24T14:33:33Z,Buy,USDC,300,1,300,300,0
2021-08-31T03:02:38Z,Buy,USDC,300,1,300,300,0
2021-09-02T22:21:36Z,Rewards Income,USDC,0.020893,1,0.02,0.02,0
2021-09-02T23:29:58Z,Buy,USDC,400,1,400,400,0
2021-09-09T19:43:42Z,Buy,USDC,497.95,1,497.95,497.95,0
2021-09-14T12:41:48Z,Buy,USDC,200,1,200,200,0
2021-09-14T13:58:00Z,Buy,USDC,200,1,200,200,0
2021-09-21T21:59:56Z,Buy,USDC,300,1,300,300,0
2021-02-19T08:52:10Z,Rewards Income,DAI,0.00018486,1,0,0,0
2021-02-20T09:34:26Z,Rewards Income,DAI,0.00048536,1,0,0,0
2021-02-21T10:01:29Z,Rewards Income,DAI,0.00048536,1,0,0,0
2021-02-22T09:16:35Z,Rewards Income,DAI,0.00048536,1,0,0,0
2021-02-23T11:13:52Z,Rewards Income,DAI,0.00048536,1,0,0,0
2021-02-24T11:31:35Z,Rewards Income,DAI,0.00048537,1,0,0,0
2021-02-25T10:32:45Z,Rewards Income,DAI,0.00048539,1,0,0,0
2021-02-26T09:25:25Z,Rewards Income,DAI,0.00048541,1,0,0,0
2021-02-27T08:56:42Z,Rewards Income,DAI,0.00048544,1,0,0,0
2021-02-28T10:22:50Z,Rewards Income,DAI,0.00048546,1,0,0,0
2021-03-01T10:44:32Z,Rewards Income,DAI,0.00048549,1,0,0,0
2021-03-02T10:49:59Z,Rewards Income,DAI,0.00048552,1,0,0,0
2021-03-03T08:29:56Z,Rewards Income,DAI,0.00048554,1,0,0,0
2021-03-04T10:42:35Z,Rewards Income,DAI,0.00048557,1,0,0,0
2021-03-05T11:18:06Z,Rewards Income,DAI,0.0004856,1,0,0,0
2021-03-06T10:30:40Z,Rewards Income,DAI,0.00048562,1,0,0,0
2021-03-07T08:19:39Z,Rewards Income,DAI,0.00048565,1,0,0,0
2021-03-08T08:32:30Z,Rewards Income,DAI,0.00048568,1,0,0,0
2021-03-09T10:06:33Z,Rewards Income,DAI,0.0004857,1,0,0,0
2021-03-10T08:25:20Z,Rewards Income,DAI,0.00048573,1,0,0,0
2021-03-11T08:10:27Z,Rewards Income,DAI,0.00048575,1,0,0,0
2021-03-12T09:01:20Z,Rewards Income,DAI,0.00048578,1,0,0,0
2021-03-13T09:48:31Z,Rewards Income,DAI,0.00048581,1,0,0,0
2021-03-14T09:37:06Z,Rewards Income,DAI,0.00048583,1,0,0,0
2021-03-15T08:03:41Z,Rewards Income,DAI,0.00048586,1,0,0,0
2021-03-16T09:22:22Z,Rewards Income,DAI,0.00048589,1,0,0,0
2021-03-17T08:20:36Z,Rewards Income,DAI,0.00048591,1,0,0,0
2021-03-18T08:43:45Z,Rewards Income,DAI,0.00048594,1,0,0,0
2021-03-19T08:07:20Z,Rewards Income,DAI,0.00048597,1,0,0,0
2021-03-20T09:18:25Z,Rewards Income,DAI,0.00048599,1,0,0,0
2021-03-21T09:29:39Z,Rewards Income,DAI,0.00048602,1,0,0,0
2021-03-22T08:54:55Z,Rewards Income,DAI,0.00048605,1,0,0,0
2021-03-23T09:12:42Z,Rewards Income,DAI,0.00048607,1,0,0,0
2021-03-24T07:39:45Z,Rewards Income,DAI,0.0004861,1,0,0,0
2021-03-25T09:45:20Z,Rewards Income,DAI,0.00048612,1,0,0,0
2021-03-26T11:29:19Z,Rewards Income,DAI,0.00048615,1,0,0,0
2021-03-27T10:55:26Z,Rewards Income,DAI,0.00048618,1,0,0,0
2021-03-28T08:45:43Z,Rewards Income,DAI,0.0004862,1,0,0,0
2021-03-29T09:36:02Z,Rewards Income,DAI,0.00048623,1,0,0,0
2021-03-30T09:47:03Z,Rewards Income,DAI,0.00048626,1,0,0,0
2021-03-31T11:27:47Z,Rewards Income,DAI,0.00048628,1,0,0,0
2021-04-01T09:25:26Z,Rewards Income,DAI,0.00048631,1,0,0,0
2021-04-02T11:14:22Z,Rewards Income,DAI,0.00048634,1,0,0,0
2021-04-03T11:36:44Z,Rewards Income,DAI,0.00048636,1,0,0,0
2021-04-04T10:02:08Z,Rewards Income,DAI,0.00048639,1,0,0,0
2021-04-05T07:44:45Z,Rewards Income,DAI,0.00048641,1,0,0,0
2021-04-06T11:15:45Z,Rewards Income,DAI,0.00048644,1,0,0,0
2021-04-07T09:35:18Z,Rewards Income,DAI,0.00048647,1,0,0,0
2021-04-08T10:53:45Z,Rewards Income,DAI,0.00048649,1,0,0,0
2021-04-09T09:31:07Z,Rewards Income,DAI,0.00048652,1,0,0,0
2021-04-10T08:51:58Z,Rewards Income,DAI,0.00048655,1,0,0,0
2021-04-11T10:41:34Z,Rewards Income,DAI,0.00048657,1,0,0,0
2021-04-12T11:07:11Z,Rewards Income,DAI,0.0004866,1,0,0,0
2021-04-13T10:00:29Z,Rewards Income,DAI,0.00048662,1,0,0,0
2021-04-14T08:54:55Z,Rewards Income,DAI,0.00048665,1,0,0,0
2021-04-15T11:10:42Z,Rewards Income,DAI,0.00048668,1,0,0,0
2021-04-16T08:38:06Z,Rewards Income,DAI,0.0004867,1,0,0,0
2021-04-17T09:35:33Z,Rewards Income,DAI,0.00048673,1,0,0,0
2021-04-18T11:21:43Z,Rewards Income,DAI,0.00048676,1,0,0,0
2021-04-19T07:37:13Z,Rewards Income,DAI,0.00048678,1,0,0,0
2021-04-20T10:57:14Z,Rewards Income,DAI,0.00048681,1,0,0,0
2021-04-21T08:12:49Z,Rewards Income,DAI,0.00048684,1,0,0,0
2021-04-22T08:27:34Z,Rewards Income,DAI,0.00048686,1,0,0,0
2021-04-23T08:34:36Z,Rewards Income,DAI,0.00048689,1,0,0,0
2021-04-24T09:42:20Z,Rewards Income,DAI,0.00048692,1,0,0,0
2021-04-25T11:06:03Z,Rewards Income,DAI,0.00048694,1,0,0,0
2021-04-26T09:20:14Z,Rewards Income,DAI,0.00048697,1,0,0,0
2021-04-27T10:18:01Z,Rewards Income,DAI,0.000487,1,0,0,0
2021-04-28T10:32:46Z,Rewards Income,DAI,0.00048702,1,0,0,0
2021-04-29T10:25:21Z,Rewards Income,DAI,0.00048705,1,0,0,0
2021-04-30T10:28:23Z,Rewards Income,DAI,0.00048707,1,0,0,0
2021-05-01T08:30:25Z,Rewards Income,DAI,0.0004871,1,0,0,0
2021-05-02T09:33:42Z,Rewards Income,DAI,0.00048713,1,0,0,0
2021-05-03T08:21:13Z,Rewards Income,DAI,0.00048715,1,0,0,0
2021-05-04T07:40:56Z,Rewards Income,DAI,0.00048718,1,0,0,0
2021-05-05T08:20:22Z,Rewards Income,DAI,0.00048721,1,0,0,0
2021-05-06T08:14:20Z,Rewards Income,DAI,0.00048723,1,0,0,0
2021-05-07T09:16:46Z,Rewards Income,DAI,0.00048726,1,0,0,0
2021-05-08T07:32:45Z,Rewards Income,DAI,0.00048729,1,0,0,0
2021-05-09T09:05:09Z,Rewards Income,DAI,0.00048731,1,0,0,0
2021-05-10T08:38:00Z,Rewards Income,DAI,0.00048734,1,0,0,0
2021-05-11T10:18:50Z,Rewards Income,DAI,0.00048737,1,0,0,0
2021-05-12T07:47:05Z,Rewards Income,DAI,0.00048739,1,0,0,0
2021-05-13T11:29:14Z,Rewards Income,DAI,0.00048742,1,0,0,0
2021-05-14T07:57:21Z,Rewards Income,DAI,0.00048744,1,0,0,0
2021-05-15T11:02:56Z,Rewards Income,DAI,0.00048747,1,0,0,0
2021-05-16T07:48:46Z,Rewards Income,DAI,0.0004875,1,0,0,0
2021-05-17T07:44:47Z,Rewards Income,DAI,0.00048753,1,0,0,0
2021-05-18T08:24:06Z,Rewards Income,DAI,0.00048755,1,0,0,0
2021-05-19T09:33:51Z,Rewards Income,DAI,0.00048758,1,0,0,0
2021-05-20T10:05:31Z,Rewards Income,DAI,0.0004876,1,0,0,0
2021-05-21T08:35:40Z,Rewards Income,DAI,0.00048763,1,0,0,0
2021-05-22T08:30:20Z,Rewards Income,DAI,0.00048766,1,0,0,0
2021-05-23T10:44:27Z,Rewards Income,DAI,0.00048768,1,0,0,0
2021-05-24T08:50:23Z,Rewards Income,DAI,0.00048771,1,0,0,0
2021-05-25T10:47:30Z,Rewards Income,DAI,0.00048773,1,0,0,0
2021-05-26T09:09:10Z,Rewards Income,DAI,0.00048776,1,0,0,0
2021-05-27T10:59:27Z,Rewards Income,DAI,0.00048779,1,0,0,0
2021-05-28T10:37:36Z,Rewards Income,DAI,0.00048781,1,0,0,0
2021-05-29T10:41:31Z,Rewards Income,DAI,0.00048784,1,0,0,0
2021-05-30T10:50:51Z,Rewards Income,DAI,0.00048787,1,0,0,0
2021-05-31T11:20:40Z,Rewards Income,DAI,0.00048789,1,0,0,0
2021-06-01T09:41:43Z,Rewards Income,DAI,0.00048792,1,0,0,0
2021-06-02T08:03:04Z,Rewards Income,DAI,0.00048795,1,0,0,0
2021-06-03T11:07:49Z,Rewards Income,DAI,0.00048797,1,0,0,0
2021-06-04T08:54:11Z,Rewards Income,DAI,0.000488,1,0,0,0
2021-06-05T10:04:21Z,Rewards Income,DAI,0.00048802,1,0,0,0
2021-06-06T11:25:16Z,Rewards Income,DAI,0.00048805,1,0,0,0
2021-06-07T10:19:22Z,Rewards Income,DAI,0.00048808,1,0,0,0
2021-06-08T09:55:26Z,Rewards Income,DAI,0.0004881,1,0,0,0
2021-06-09T08:21:18Z,Rewards Income,DAI,0.00048813,1,0,0,0
2021-06-10T10:03:33Z,Rewards Income,DAI,0.00048816,1,0,0,0
2021-06-11T09:09:55Z,Rewards Income,DAI,0.00048818,1,0,0,0
2021-06-12T10:19:45Z,Rewards Income,DAI,0.00048821,1,0,0,0
2021-06-13T08:53:24Z,Rewards Income,DAI,0.00048824,1,0,0,0
2021-06-14T09:46:06Z,Rewards Income,DAI,0.00048827,1,0,0,0
2021-06-15T10:02:12Z,Rewards Income,DAI,0.00048829,1,0,0,0
2021-06-16T08:50:36Z,Rewards Income,DAI,0.00048832,1,0,0,0
2021-06-17T09:45:35Z,Rewards Income,DAI,0.00048834,1,0,0,0
2021-06-18T08:48:53Z,Rewards Income,DAI,0.00048837,1,0,0,0
2021-06-19T07:47:11Z,Rewards Income,DAI,0.0004884,1,0,0,0
2021-06-20T08:28:09Z,Rewards Income,DAI,0.00048842,1,0,0,0
2021-06-21T07:56:13Z,Rewards Income,DAI,0.00048845,1,0,0,0
2021-06-22T09:05:06Z,Rewards Income,DAI,0.00048848,1,0,0,0
2021-06-23T10:10:45Z,Rewards Income,DAI,0.0004885,1,0,0,0
2021-06-24T10:48:43Z,Rewards Income,DAI,0.00048853,1,0,0,0
2021-06-25T09:07:49Z,Rewards Income,DAI,0.00048856,1,0,0,0
2021-06-26T07:55:07Z,Rewards Income,DAI,0.00048858,1,0,0,0
2021-06-27T08:22:42Z,Rewards Income,DAI,0.00048861,1,0,0,0
2021-06-28T09:43:31Z,Rewards Income,DAI,0.00048863,1,0,0,0
2021-06-29T08:25:02Z,Rewards Income,DAI,0.00048866,1,0,0,0
2021-06-30T09:01:56Z,Rewards Income,DAI,0.00048869,1,0,0,0
2021-07-01T08:14:25Z,Rewards Income,DAI,0.00048872,1,0,0,0
2021-07-02T11:02:54Z,Rewards Income,DAI,0.00048874,1,0,0,0
2021-07-03T07:42:09Z,Rewards Income,DAI,0.00048877,1,0,0,0
2021-07-04T08:36:11Z,Rewards Income,DAI,0.0004888,1,0,0,0
2021-07-05T10:36:28Z,Rewards Income,DAI,0.00048882,1,0,0,0
2021-07-06T10:28:10Z,Rewards Income,DAI,0.00048885,1,0,0,0
2021-07-07T10:03:46Z,Rewards Income,DAI,0.00048887,1,0,0,0
2021-07-08T09:08:09Z,Rewards Income,DAI,0.0004889,1,0,0,0
2021-07-09T08:24:21Z,Rewards Income,DAI,0.00048893,1,0,0,0
2021-07-10T07:41:18Z,Rewards Income,DAI,0.00048895,1,0,0,0
2021-07-11T10:51:31Z,Rewards Income,DAI,0.00048898,1,0,0,0
2021-07-12T10:32:06Z,Rewards Income,DAI,0.00048901,1,0,0,0
2021-07-13T10:42:20Z,Rewards Income,DAI,0.00048903,1,0,0,0
2021-07-14T10:25:23Z,Rewards Income,DAI,0.00048906,1,0,0,0
2021-07-15T08:40:40Z,Rewards Income,DAI,0.00048909,1,0,0,0
2021-07-16T10:48:28Z,Rewards Income,DAI,0.00048911,1,0,0,0
2021-07-17T11:10:57Z,Rewards Income,DAI,0.00048914,1,0,0,0
2021-07-18T08:46:13Z,Rewards Income,DAI,0.00048916,1,0,0,0
2021-07-19T09:24:41Z,Rewards Income,DAI,0.00048919,1,0,0,0
2021-07-20T08:01:34Z,Rewards Income,DAI,0.00048922,1,0,0,0
2021-07-21T10:08:39Z,Rewards Income,DAI,0.00048924,1,0,0,0
2021-07-22T13:57:12Z,Rewards Income,DAI,0.00048927,1,0,0,0
2021-07-23T15:16:58Z,Rewards Income,DAI,0.0004893,1,0,0,0
2021-07-24T12:15:42Z,Rewards Income,DAI,0.00048933,1,0,0,0
2021-07-25T15:11:30Z,Rewards Income,DAI,0.00048935,1,0,0,0
2021-07-26T14:49:56Z,Rewards Income,DAI,0.00048938,1,0,0,0
2021-07-27T10:36:38Z,Rewards Income,DAI,0.0004894,1,0,0,0
2021-07-28T09:43:40Z,Rewards Income,DAI,0.00048943,1,0,0,0
2021-07-29T14:52:06Z,Rewards Income,DAI,0.00048945,1,0,0,0
2021-07-30T11:46:33Z,Rewards Income,DAI,0.00048948,1,0,0,0
2021-07-31T14:20:47Z,Rewards Income,DAI,0.00048951,1,0,0,0
2021-08-01T12:16:36Z,Rewards Income,DAI,0.00048954,1,0,0,0
2021-08-02T10:02:40Z,Rewards Income,DAI,0.00048956,1,0,0,0
2021-08-03T14:23:16Z,Rewards Income,DAI,0.00048958,1,0,0,0
2021-08-04T12:17:11Z,Rewards Income,DAI,0.00048961,1,0,0,0
2021-08-06T09:55:46Z,Rewards Income,DAI,0.00048967,1,0,0,0
2021-08-07T02:05:35Z,Rewards Income,DAI,0.00048964,1,0,0,0
2021-08-07T15:54:16Z,Rewards Income,DAI,0.0004897,1,0,0,0
2021-08-08T15:37:59Z,Rewards Income,DAI,0.00048972,1,0,0,0
2021-08-09T13:37:27Z,Rewards Income,DAI,0.00048975,1,0,0,0
2021-08-10T14:42:29Z,Rewards Income,DAI,0.00048976,1,0,0,0
2021-08-11T13:22:41Z,Rewards Income,DAI,0.00048978,1,0,0,0
2021-08-12T12:03:00Z,Rewards Income,DAI,0.00048982,1,0,0,0
2021-08-13T12:02:51Z,Rewards Income,DAI,0.00048985,1,0,0,0
2021-08-14T12:59:39Z,Rewards Income,DAI,0.00048988,1,0,0,0
2021-08-15T09:07:09Z,Rewards Income,DAI,0.0004899,1,0,0,0
2021-08-16T12:45:09Z,Rewards Income,DAI,0.00048993,1,0,0,0
2021-08-17T11:07:30Z,Rewards Income,DAI,0.00048996,1,0,0,0
2021-08-18T11:23:37Z,Rewards Income,DAI,0.00048999,1,0,0,0
2021-08-19T11:46:14Z,Rewards Income,DAI,0.00049001,1,0,0,0
2021-08-20T10:27:48Z,Rewards Income,DAI,0.00049004,1,0,0,0
2021-08-21T11:17:45Z,Rewards Income,DAI,0.00049007,1,0,0,0
2021-08-23T04:56:30Z,Rewards Income,DAI,0.00049009,1,0,0,0
2021-08-23T10:17:18Z,Rewards Income,DAI,0.00049012,1,0,0,0
2021-08-24T12:35:40Z,Rewards Income,DAI,0.00049015,1,0,0,0
2021-08-25T12:58:26Z,Rewards Income,DAI,0.00049017,1,0,0,0
2021-08-26T08:15:20Z,Rewards Income,DAI,0.0004902,1,0,0,0
2021-08-27T09:53:52Z,Rewards Income,DAI,0.00049021,1,0,0,0
2021-08-28T12:35:10Z,Rewards Income,DAI,0.00049025,1,0,0,0
2021-08-29T08:58:11Z,Rewards Income,DAI,0.00049028,1,0,0,0
2021-08-30T12:18:01Z,Rewards Income,DAI,0.0004903,1,0,0,0
2021-08-31T11:09:58Z,Rewards Income,DAI,0.00049034,1,0,0,0
2021-09-01T10:08:30Z,Rewards Income,DAI,0.00049036,1,0,0,0
2021-09-02T10:35:23Z,Rewards Income,DAI,0.00049038,1,0,0,0
2021-09-03T08:45:53Z,Rewards Income,DAI,0.00049042,1,0,0,0
2021-09-04T14:31:16Z,Rewards Income,DAI,0.00049044,1,0,0,0
2021-09-05T13:14:03Z,Rewards Income,DAI,0.00049047,1,0,0,0
2021-09-06T13:03:06Z,Rewards Income,DAI,0.00049049,1,0,0,0
2021-09-07T11:20:21Z,Rewards Income,DAI,0.00049052,1,0,0,0
2021-09-08T08:14:14Z,Rewards Income,DAI,0.00049055,1,0,0,0
2021-09-09T12:06:15Z,Rewards Income,DAI,0.00049057,1,0,0,0
2021-09-10T15:13:17Z,Rewards Income,DAI,0.0004906,1,0,0,0
2021-09-11T15:19:34Z,Rewards Income,DAI,0.00049062,1,0,0,0
2021-09-12T12:14:52Z,Rewards Income,DAI,0.00049065,1,0,0,0
2021-09-13T10:44:26Z,Rewards Income,DAI,0.00049068,1,0,0,0
2021-09-14T13:44:44Z,Rewards Income,DAI,0.0004907,1,0,0,0
2021-09-15T14:54:48Z,Rewards Income,DAI,0.00049073,1,0,0,0
2021-09-16T12:45:27Z,Rewards Income,DAI,0.00049075,1,0,0,0
2021-09-17T12:15:37Z,Rewards Income,DAI,0.00049078,1,0,0,0
2021-09-18T09:57:08Z,Rewards Income,DAI,0.00049081,1,0,0,0
2021-09-19T10:48:27Z,Rewards Income,DAI,0.00049084,1,0,0,0
2021-09-21T15:16:54Z,Rewards Income,DAI,0.00049089,1,0,0,0
2021-02-11T15:33:37Z,Coinbase Earn,XLM,4.341578,0.46,2,2,0
2021-02-11T15:36:31Z,Coinbase Earn,XLM,4.368386,0.46,2.01,2.01,0
2021-02-11T15:38:45Z,Coinbase Earn,XLM,4.3515628,0.46,2,2,0
2021-02-11T15:41:40Z,Coinbase Earn,XLM,4.361936,0.46,2.01,2.01,0
2021-02-11T15:44:30Z,Coinbase Earn,XLM,4.3583904,0.46,2,2,0
2021-03-26T09:53:02Z,Rewards Income,XTZ,0.000926,4.12,0,0,0
2021-03-29T11:23:20Z,Rewards Income,XTZ,0.000929,4.43,0,0,0
2021-04-01T11:14:14Z,Rewards Income,XTZ,0.000908,4.8,0,0,0
2021-04-04T09:09:44Z,Rewards Income,XTZ,0.000878,5,0,0,0
2021-04-07T10:27:34Z,Rewards Income,XTZ,0.000963,5.89,0.01,0.01,0
2021-04-10T10:46:24Z,Rewards Income,XTZ,0.000953,6.53,0.01,0.01,0
2021-04-13T09:56:06Z,Rewards Income,XTZ,0.001004,6.24,0.01,0.01,0
2021-04-15T10:05:18Z,Rewards Income,XTZ,0.000946,6.52,0.01,0.01,0
2021-04-18T09:09:01Z,Rewards Income,XTZ,0.000933,5.96,0.01,0.01,0
2021-04-21T09:26:08Z,Rewards Income,XTZ,0.000956,5.7,0.01,0.01,0
2021-04-24T10:16:23Z,Rewards Income,XTZ,0.000935,4.58,0,0,0
2021-04-27T11:03:40Z,Rewards Income,XTZ,0.000946,5.47,0.01,0.01,0
2021-04-30T12:17:55Z,Rewards Income,XTZ,0.000938,5.49,0.01,0.01,0
2021-05-03T08:50:42Z,Rewards Income,XTZ,0.00095,5.79,0.01,0.01,0
2021-05-06T12:29:44Z,Rewards Income,XTZ,0.000958,6.92,0.01,0.01,0
2021-05-08T11:37:24Z,Rewards Income,XTZ,0.000968,7.18,0.01,0.01,0
2021-05-12T12:02:24Z,Rewards Income,XTZ,0.000944,6.92,0.01,0.01,0
2021-05-15T09:35:48Z,Rewards Income,XTZ,0.000929,6.1,0.01,0.01,0
2021-05-17T12:35:01Z,Rewards Income,XTZ,0.000919,5.45,0.01,0.01,0
2021-05-20T09:48:18Z,Rewards Income,XTZ,0.000982,3.98,0,0,0
2021-05-23T11:27:02Z,Rewards Income,XTZ,0.000946,3.06,0,0,0
2021-05-26T09:43:45Z,Rewards Income,XTZ,0.000969,3.87,0,0,0
2021-05-29T09:45:20Z,Rewards Income,XTZ,0.000954,3.34,0,0,0
2021-06-01T11:25:10Z,Rewards Income,XTZ,0.000924,3.58,0,0,0
2021-06-04T09:00:08Z,Rewards Income,XTZ,0.000926,3.48,0,0,0
2021-06-06T10:32:33Z,Rewards Income,XTZ,0.000938,3.51,0,0,0
2021-06-09T10:35:51Z,Rewards Income,XTZ,0.000933,3.42,0,0,0
2021-06-12T10:31:23Z,Rewards Income,XTZ,0.000846,3.03,0,0,0
2021-06-15T11:46:06Z,Rewards Income,XTZ,0.000845,3.28,0,0,0
2021-06-18T12:08:19Z,Rewards Income,XTZ,0.00096,3.21,0,0,0
2021-06-21T12:29:54Z,Rewards Income,XTZ,0.000973,2.71,0,0,0
2021-06-24T09:10:24Z,Rewards Income,XTZ,0.000949,2.76,0,0,0
2021-06-27T11:37:40Z,Rewards Income,XTZ,0.000915,2.52,0,0,0
2021-06-30T09:52:52Z,Rewards Income,XTZ,0.000954,2.86,0,0,0
2021-07-03T10:34:07Z,Rewards Income,XTZ,0.000948,2.98,0,0,0
2021-07-06T09:51:04Z,Rewards Income,XTZ,0.000813,2.91,0,0,0
2021-07-09T12:59:37Z,Rewards Income,XTZ,0.000984,2.66,0,0,0
2021-07-12T12:36:28Z,Rewards Income,XTZ,0.000936,2.88,0,0,0
2021-07-15T12:21:11Z,Rewards Income,XTZ,0.000954,2.6,0,0,0
2021-07-17T12:05:54Z,Rewards Income,XTZ,0.000945,2.41,0,0,0
2021-07-20T09:40:09Z,Rewards Income,XTZ,0.000915,2.14,0,0,0
2021-07-23T11:15:22Z,Rewards Income,XTZ,0.000768,2.62,0,0,0
2021-07-26T09:10:45Z,Rewards Income,XTZ,0.000948,2.99,0,0,0
2021-07-29T09:53:31Z,Rewards Income,XTZ,0.000989,2.83,0,0,0
2021-08-01T14:45:54Z,Rewards Income,XTZ,0.000948,3.11,0,0,0
2021-08-04T11:36:53Z,Rewards Income,XTZ,0.000943,3.03,0,0,0
2021-08-14T14:49:32Z,Rewards Income,XTZ,0.000962,3.61,0,0,0
2021-08-17T17:05:51Z,Rewards Income,XTZ,0.001921,3.66,0.01,0.01,0
2021-08-20T16:57:50Z,Rewards Income,XTZ,0.000876,3.68,0,0,0
2021-08-23T11:29:22Z,Rewards Income,XTZ,0.000944,4.07,0,0,0
2021-08-26T11:01:04Z,Rewards Income,XTZ,0.000926,4.55,0,0,0
2021-08-29T14:04:02Z,Rewards Income,XTZ,1.10E-05,6.02,0,0,0
2021-09-01T12:39:21Z,Rewards Income,XTZ,0.000844,5.29,0,0,0
2021-09-04T13:38:58Z,Rewards Income,XTZ,0.000862,5.48,0,0,0
2021-09-10T15:01:43Z,Rewards Income,XTZ,0.001777,5.58,0.01,0.01,0
2021-09-13T13:49:00Z,Rewards Income,XTZ,0.000872,7.17,0.01,0.01,0
2021-09-16T15:16:23Z,Rewards Income,XTZ,0.000948,6.61,0.01,0.01,0
2021-09-19T12:40:10Z,Rewards Income,XTZ,0.000943,6.15,0.01,0.01,0
2021-02-15T11:39:11Z,Rewards Income,ALGO,0.002025,1.44,0,0,0
2021-02-16T11:38:05Z,Rewards Income,ALGO,0.005291,1.42,0.01,0.01,0
2021-02-17T13:18:01Z,Rewards Income,ALGO,0.005292,1.37,0.01,0.01,0
2021-02-18T12:19:42Z,Rewards Income,ALGO,0.005292,1.36,0.01,0.01,0
2021-02-19T14:30:14Z,Rewards Income,ALGO,0.005293,1.39,0.01,0.01,0
2021-02-20T13:21:25Z,Rewards Income,ALGO,0.005294,1.48,0.01,0.01,0
2021-02-21T11:15:30Z,Rewards Income,ALGO,0.005295,1.34,0.01,0.01,0
2021-02-22T11:36:30Z,Rewards Income,ALGO,0.005296,1.19,0.01,0.01,0
2021-02-23T14:27:42Z,Rewards Income,ALGO,0.005297,1.02,0.01,0.01,0
2021-02-24T10:38:32Z,Rewards Income,ALGO,0.005297,1.11,0.01,0.01,0
2021-02-25T13:45:22Z,Rewards Income,ALGO,0.005298,1.08,0.01,0.01,0
2021-02-26T10:39:01Z,Rewards Income,ALGO,0.005299,0.99,0.01,0.01,0
2021-02-27T13:00:00Z,Rewards Income,ALGO,0.0053,1.03,0.01,0.01,0
2021-02-28T11:52:15Z,Rewards Income,ALGO,0.005301,1.06,0.01,0.01,0
2021-03-01T12:03:57Z,Rewards Income,ALGO,0.005302,1.08,0.01,0.01,0
2021-03-02T11:56:17Z,Rewards Income,ALGO,0.005303,1.13,0.01,0.01,0
2021-03-03T12:56:02Z,Rewards Income,ALGO,0.005303,1.15,0.01,0.01,0
2021-03-04T13:04:16Z,Rewards Income,ALGO,0.005304,1.14,0.01,0.01,0
2021-03-05T11:28:57Z,Rewards Income,ALGO,0.005305,1.03,0.01,0.01,0
2021-03-06T11:55:56Z,Rewards Income,ALGO,0.005306,1.04,0.01,0.01,0
2021-03-07T11:15:53Z,Rewards Income,ALGO,0.005307,1.11,0.01,0.01,0
2021-03-08T14:18:48Z,Rewards Income,ALGO,0.005308,1.09,0.01,0.01,0
2021-03-09T11:49:07Z,Rewards Income,ALGO,0.005308,1.16,0.01,0.01,0
2021-03-11T14:17:07Z,Rewards Income,ALGO,0.00531,1.11,0.01,0.01,0
2021-03-12T11:02:06Z,Rewards Income,ALGO,0.00531,1.1,0.01,0.01,0
2021-03-13T11:34:26Z,Rewards Income,ALGO,0.005311,1.09,0.01,0.01,0
2021-03-14T12:58:26Z,Rewards Income,ALGO,0.005312,1.15,0.01,0.01,0
2021-03-15T11:23:16Z,Rewards Income,ALGO,0.009499,1.28,0.01,0.01,0
2021-03-15T23:00:42Z,Rewards Income,ALGO,0.005309,1.22,0.01,0.01,0
2021-03-16T10:39:29Z,Rewards Income,ALGO,0.018872,1.16,0.02,0.02,0
2021-03-17T11:53:30Z,Rewards Income,ALGO,0.018875,1.19,0.02,0.02,0
2021-03-18T11:21:09Z,Rewards Income,ALGO,0.018878,1.33,0.03,0.03,0
2021-03-19T13:02:15Z,Rewards Income,ALGO,0.018881,1.31,0.02,0.02,0
2021-03-20T12:46:07Z,Rewards Income,ALGO,0.018883,1.31,0.02,0.02,0
2021-03-21T13:55:08Z,Rewards Income,ALGO,0.018887,1.2,0.02,0.02,0
2021-03-22T14:09:36Z,Rewards Income,ALGO,0.018889,1.19,0.02,0.02,0
2021-03-23T11:25:07Z,Rewards Income,ALGO,0.018892,1.12,0.02,0.02,0
2021-03-24T14:11:54Z,Rewards Income,ALGO,0.018896,1.16,0.02,0.02,0
2021-03-25T13:31:37Z,Rewards Income,ALGO,0.019912,1.01,0.02,0.02,0
2021-03-26T11:25:13Z,Rewards Income,ALGO,0.034046,1.09,0.04,0.04,0
2021-03-27T14:12:00Z,Rewards Income,ALGO,0.03405,1.17,0.04,0.04,0
2021-03-28T13:38:35Z,Rewards Income,ALGO,0.034055,1.19,0.04,0.04,0
2021-03-29T13:31:55Z,Rewards Income,ALGO,0.034693,1.25,0.04,0.04,0
2021-03-30T12:04:52Z,Rewards Income,ALGO,0.040372,1.38,0.06,0.06,0
2021-03-31T21:56:10Z,Rewards Income,ALGO,0.040378,1.35,0.05,0.05,0
2021-04-01T10:39:39Z,Rewards Income,ALGO,0.040382,1.37,0.06,0.06,0
2021-04-02T11:19:33Z,Rewards Income,ALGO,0.044037,1.35,0.06,0.06,0
2021-04-04T04:05:51Z,Rewards Income,ALGO,0.04597,1.31,0.06,0.06,0
2021-04-04T13:59:45Z,Rewards Income,ALGO,0.045973,1.32,0.06,0.06,0
2021-04-05T11:37:18Z,Rewards Income,ALGO,0.045982,1.36,0.06,0.06,0
2021-04-06T13:06:41Z,Rewards Income,ALGO,0.045992,1.47,0.07,0.07,0
2021-04-07T18:54:03Z,Rewards Income,ALGO,0.045999,1.3,0.06,0.06,0
2021-04-08T10:51:46Z,Rewards Income,ALGO,0.046004,1.33,0.06,0.06,0
2021-04-09T14:08:01Z,Rewards Income,ALGO,0.046014,1.41,0.06,0.06,0
2021-04-10T12:44:43Z,Rewards Income,ALGO,0.04602,1.44,0.07,0.07,0
2021-04-11T10:54:20Z,Rewards Income,ALGO,0.046028,1.4,0.06,0.06,0
2021-04-12T11:34:11Z,Rewards Income,ALGO,0.046036,1.5,0.07,0.07,0
2021-04-13T11:44:17Z,Rewards Income,ALGO,0.046043,1.46,0.07,0.07,0
2021-04-14T12:22:55Z,Rewards Income,ALGO,0.04605,1.47,0.07,0.07,0
2021-04-15T13:07:33Z,Rewards Income,ALGO,0.046058,1.51,0.07,0.07,0
2021-04-16T10:54:43Z,Rewards Income,ALGO,0.049428,1.48,0.07,0.07,0
2021-04-17T11:05:53Z,Rewards Income,ALGO,0.051221,1.55,0.08,0.08,0
2021-04-18T11:31:20Z,Rewards Income,ALGO,0.051229,1.4,0.07,0.07,0
2021-04-19T12:11:30Z,Rewards Income,ALGO,0.051237,1.46,0.07,0.07,0
2021-04-20T13:05:39Z,Rewards Income,ALGO,0.051245,1.31,0.07,0.07,0
2021-04-21T11:35:37Z,Rewards Income,ALGO,0.051252,1.21,0.06,0.06,0
2021-04-22T10:50:07Z,Rewards Income,ALGO,0.051261,1.26,0.06,0.06,0
2021-04-23T14:20:08Z,Rewards Income,ALGO,0.05127,1.1,0.06,0.06,0
2021-04-24T10:56:35Z,Rewards Income,ALGO,0.051277,1.1,0.06,0.06,0
2021-04-25T12:14:56Z,Rewards Income,ALGO,0.051286,1.16,0.06,0.06,0
2021-04-26T13:32:12Z,Rewards Income,ALGO,0.051294,1.23,0.06,0.06,0
2021-04-27T11:41:22Z,Rewards Income,ALGO,0.051301,1.28,0.07,0.07,0
2021-04-28T10:53:51Z,Rewards Income,ALGO,0.05131,1.25,0.06,0.06,0
2021-04-29T13:05:08Z,Rewards Income,ALGO,0.051319,1.37,0.07,0.07,0
2021-04-30T12:47:59Z,Rewards Income,ALGO,0.051326,1.44,0.07,0.07,0
2021-05-01T12:26:17Z,Rewards Income,ALGO,0.051334,1.39,0.07,0.07,0
2021-05-02T11:20:14Z,Rewards Income,ALGO,0.051343,1.37,0.07,0.07,0
2021-05-03T11:40:51Z,Rewards Income,ALGO,0.051351,1.46,0.07,0.07,0
2021-05-04T12:31:04Z,Rewards Income,ALGO,0.051359,1.4,0.07,0.07,0
2021-05-05T13:21:40Z,Rewards Income,ALGO,0.051367,1.41,0.07,0.07,0
2021-05-06T14:38:58Z,Rewards Income,ALGO,0.054603,1.53,0.08,0.08,0
2021-05-07T12:39:08Z,Rewards Income,ALGO,0.062139,1.65,0.1,0.1,0
2021-05-08T13:33:53Z,Rewards Income,ALGO,0.062149,1.53,0.1,0.1,0
2021-05-09T12:08:14Z,Rewards Income,ALGO,0.062159,1.47,0.09,0.09,0
2021-05-10T11:22:03Z,Rewards Income,ALGO,0.062169,1.48,0.09,0.09,0
2021-05-11T14:29:38Z,Rewards Income,ALGO,0.062179,1.41,0.09,0.09,0
2021-05-12T13:26:38Z,Rewards Income,ALGO,0.062188,1.39,0.09,0.09,0
2021-05-13T14:13:19Z,Rewards Income,ALGO,0.062198,1.38,0.09,0.09,0
2021-05-14T10:51:37Z,Rewards Income,ALGO,0.062208,1.4,0.09,0.09,0
2021-05-15T13:10:03Z,Rewards Income,ALGO,0.062219,1.44,0.09,0.09,0
2021-05-16T12:27:49Z,Rewards Income,ALGO,0.062228,1.49,0.09,0.09,0
2021-05-17T12:56:13Z,Rewards Income,ALGO,0.062238,1.38,0.09,0.09,0
2021-05-18T12:56:34Z,Rewards Income,ALGO,0.062248,1.35,0.08,0.08,0
2021-05-19T14:27:16Z,Rewards Income,ALGO,0.062258,1.05,0.07,0.07,0
2021-05-20T13:38:06Z,Rewards Income,ALGO,0.062267,1.08,0.07,0.07,0
2021-05-21T10:51:29Z,Rewards Income,ALGO,0.062278,1.1,0.07,0.07,0
2021-05-22T11:42:28Z,Rewards Income,ALGO,0.062289,0.95,0.06,0.06,0
2021-05-23T14:20:03Z,Rewards Income,ALGO,0.062298,0.79,0.05,0.05,0
2021-05-24T11:15:36Z,Rewards Income,ALGO,0.062307,0.93,0.06,0.06,0
2021-05-25T11:31:03Z,Rewards Income,ALGO,0.062318,0.9,0.06,0.06,0
2021-05-26T12:49:58Z,Rewards Income,ALGO,0.062328,1.05,0.07,0.07,0
2021-05-27T13:33:47Z,Rewards Income,ALGO,0.062338,1.02,0.06,0.06,0
2021-05-28T13:10:20Z,Rewards Income,ALGO,0.062347,0.91,0.06,0.06,0
2021-05-29T14:07:38Z,Rewards Income,ALGO,0.062357,0.85,0.05,0.05,0
2021-05-30T12:16:37Z,Rewards Income,ALGO,0.062367,0.88,0.05,0.05,0
2021-05-31T12:30:44Z,Rewards Income,ALGO,0.062378,0.89,0.06,0.06,0
2021-06-01T11:55:36Z,Rewards Income,ALGO,0.062388,0.92,0.06,0.06,0
2021-06-02T11:53:51Z,Rewards Income,ALGO,0.062398,0.91,0.06,0.06,0
2021-06-03T11:26:26Z,Rewards Income,ALGO,0.062408,1.05,0.07,0.07,0
2021-06-04T13:39:05Z,Rewards Income,ALGO,0.062418,1.03,0.06,0.06,0
2021-06-05T11:24:41Z,Rewards Income,ALGO,0.062427,1.01,0.06,0.06,0
2021-06-06T11:10:01Z,Rewards Income,ALGO,0.062438,1.01,0.06,0.06,0
2021-06-07T13:32:18Z,Rewards Income,ALGO,0.062448,1.07,0.07,0.07,0
2021-06-08T13:58:07Z,Rewards Income,ALGO,0.062457,0.9,0.06,0.06,0
2021-06-09T14:40:20Z,Rewards Income,ALGO,0.062467,1.05,0.07,0.07,0
2021-06-10T10:50:46Z,Rewards Income,ALGO,0.062476,1.02,0.06,0.06,0
2021-06-11T14:43:55Z,Rewards Income,ALGO,0.062488,1.06,0.07,0.07,0
2021-06-12T13:37:41Z,Rewards Income,ALGO,0.062496,0.98,0.06,0.06,0
2021-06-13T14:18:11Z,Rewards Income,ALGO,0.062507,1.01,0.06,0.06,0
2021-06-14T11:57:22Z,Rewards Income,ALGO,0.062516,1.05,0.07,0.07,0
2021-06-15T13:13:47Z,Rewards Income,ALGO,0.062527,1.05,0.07,0.07,0
2021-06-16T12:24:43Z,Rewards Income,ALGO,0.062537,1.02,0.06,0.06,0
2021-06-17T12:03:55Z,Rewards Income,ALGO,0.062547,1.06,0.07,0.07,0
2021-06-18T12:30:10Z,Rewards Income,ALGO,0.062557,1.01,0.06,0.06,0
2021-06-19T10:53:08Z,Rewards Income,ALGO,0.062567,0.96,0.06,0.06,0
2021-06-20T12:37:59Z,Rewards Income,ALGO,0.062578,0.89,0.06,0.06,0
2021-06-21T12:47:15Z,Rewards Income,ALGO,0.062587,0.83,0.05,0.05,0
2021-06-22T12:49:44Z,Rewards Income,ALGO,0.062597,0.7,0.04,0.04,0
2021-06-23T14:32:23Z,Rewards Income,ALGO,0.062607,0.86,0.05,0.05,0
2021-06-24T13:35:21Z,Rewards Income,ALGO,0.062616,0.86,0.05,0.05,0
2021-06-25T13:43:33Z,Rewards Income,ALGO,0.042153,0.83,0.03,0.03,0
2021-06-26T10:43:10Z,Rewards Income,ALGO,0.042159,0.78,0.03,0.03,0
2021-06-27T12:56:00Z,Rewards Income,ALGO,0.042164,0.81,0.03,0.03,0
2021-06-28T14:53:00Z,Rewards Income,ALGO,0.042168,0.84,0.04,0.04,0
2021-06-29T14:09:35Z,Rewards Income,ALGO,0.042172,0.92,0.04,0.04,0
2021-06-30T13:13:22Z,Rewards Income,ALGO,0.042177,0.85,0.04,0.04,0
2021-07-01T12:40:55Z,Rewards Income,ALGO,0.042181,0.85,0.04,0.04,0
2021-07-02T12:36:10Z,Rewards Income,ALGO,0.042186,0.81,0.03,0.03,0
2021-07-03T13:47:49Z,Rewards Income,ALGO,0.04219,0.86,0.04,0.04,0
2021-07-04T10:59:28Z,Rewards Income,ALGO,0.042195,0.91,0.04,0.04,0
2021-07-05T12:47:16Z,Rewards Income,ALGO,0.0422,0.85,0.04,0.04,0
2021-07-06T13:31:11Z,Rewards Income,ALGO,0.042204,0.93,0.04,0.04,0
2021-07-07T10:54:36Z,Rewards Income,ALGO,0.042208,0.91,0.04,0.04,0
2021-07-08T14:14:47Z,Rewards Income,ALGO,0.042213,0.86,0.04,0.04,0
2021-07-09T13:17:23Z,Rewards Income,ALGO,0.042217,0.91,0.04,0.04,0
2021-07-10T12:45:51Z,Rewards Income,ALGO,0.042222,0.88,0.04,0.04,0
2021-07-11T11:26:24Z,Rewards Income,ALGO,0.042227,0.91,0.04,0.04,0
2021-07-12T12:57:20Z,Rewards Income,ALGO,0.042231,0.88,0.04,0.04,0
2021-07-13T11:46:19Z,Rewards Income,ALGO,0.042236,0.87,0.04,0.04,0
2021-07-14T11:59:01Z,Rewards Income,ALGO,0.04224,0.85,0.04,0.04,0
2021-07-15T12:18:42Z,Rewards Income,ALGO,0.042245,0.84,0.04,0.04,0
2021-07-16T11:14:57Z,Rewards Income,ALGO,0.042249,0.78,0.03,0.03,0
2021-07-17T14:37:02Z,Rewards Income,ALGO,0.042254,0.79,0.03,0.03,0
2021-07-18T13:11:35Z,Rewards Income,ALGO,0.042258,0.8,0.03,0.03,0
2021-07-19T10:44:19Z,Rewards Income,ALGO,0.042263,0.79,0.03,0.03,0
2021-07-20T13:33:53Z,Rewards Income,ALGO,0.042268,0.69,0.03,0.03,0
2021-07-21T13:36:57Z,Rewards Income,ALGO,0.042272,0.76,0.03,0.03,0
2021-07-22T12:51:15Z,Rewards Income,ALGO,0.042276,0.78,0.03,0.03,0
2021-07-23T16:06:27Z,Rewards Income,ALGO,0.042281,0.79,0.03,0.03,0
2021-07-24T14:11:14Z,Rewards Income,ALGO,0.042285,0.83,0.04,0.04,0
2021-07-25T14:35:39Z,Rewards Income,ALGO,0.04229,0.8,0.03,0.03,0
2021-07-26T16:29:23Z,Rewards Income,ALGO,0.042294,0.89,0.04,0.04,0
2021-07-27T12:21:40Z,Rewards Income,ALGO,0.042299,0.86,0.04,0.04,0
2021-07-28T14:44:46Z,Rewards Income,ALGO,0.042304,0.85,0.04,0.04,0
2021-07-29T11:21:31Z,Rewards Income,ALGO,0.042308,0.84,0.04,0.04,0
2021-07-30T16:02:39Z,Rewards Income,ALGO,0.042313,0.83,0.04,0.04,0
2021-07-31T12:19:50Z,Rewards Income,ALGO,0.042317,0.84,0.04,0.04,0
2021-08-01T18:13:28Z,Rewards Income,ALGO,0.042322,0.84,0.04,0.04,0
2021-08-02T18:07:36Z,Rewards Income,ALGO,0.042326,0.83,0.04,0.04,0
2021-08-03T17:06:29Z,Rewards Income,ALGO,0.04233,0.83,0.04,0.04,0
2021-08-04T16:40:28Z,Rewards Income,ALGO,0.042335,0.84,0.04,0.04,0
2021-08-05T16:31:01Z,Rewards Income,ALGO,0.04234,0.84,0.04,0.04,0
2021-08-06T12:24:00Z,Rewards Income,ALGO,0.042344,0.84,0.04,0.04,0
2021-08-07T15:09:53Z,Rewards Income,ALGO,0.042349,0.87,0.04,0.04,0
2021-08-08T14:09:11Z,Rewards Income,ALGO,0.042353,0.88,0.04,0.04,0
2021-08-09T10:31:38Z,Rewards Income,ALGO,0.042358,0.84,0.04,0.04,0
2021-08-10T11:46:26Z,Rewards Income,ALGO,0.042363,0.88,0.04,0.04,0
2021-08-11T17:32:25Z,Rewards Income,ALGO,0.042368,0.93,0.04,0.04,0
2021-08-12T12:37:44Z,Rewards Income,ALGO,0.042371,0.89,0.04,0.04,0
2021-08-13T18:00:14Z,Rewards Income,ALGO,0.042377,0.93,0.04,0.04,0
2021-08-14T17:35:42Z,Rewards Income,ALGO,0.04238,0.93,0.04,0.04,0
2021-08-15T12:17:45Z,Rewards Income,ALGO,0.042385,0.94,0.04,0.04,0
2021-08-16T11:52:50Z,Rewards Income,ALGO,0.04239,1.01,0.04,0.04,0
2021-08-17T16:14:33Z,Rewards Income,ALGO,0.042395,0.94,0.04,0.04,0
2021-08-18T13:32:24Z,Rewards Income,ALGO,0.042399,0.91,0.04,0.04,0
2021-08-19T18:06:59Z,Rewards Income,ALGO,0.042404,1.04,0.04,0.04,0
2021-08-20T15:10:44Z,Rewards Income,ALGO,0.042408,1.1,0.05,0.05,0
2021-08-21T17:37:32Z,Rewards Income,ALGO,0.042413,1.18,0.05,0.05,0
2021-08-22T18:26:07Z,Rewards Income,ALGO,0.042417,1.13,0.05,0.05,0
2021-08-23T13:04:57Z,Rewards Income,ALGO,0.042421,1.15,0.05,0.05,0
2021-08-24T16:22:03Z,Rewards Income,ALGO,0.042427,1.03,0.04,0.04,0
2021-08-25T12:55:40Z,Rewards Income,ALGO,0.042431,1.03,0.04,0.04,0
2021-08-26T17:07:10Z,Rewards Income,ALGO,0.042436,0.99,0.04,0.04,0
2021-08-27T12:42:00Z,Rewards Income,ALGO,0.04244,1.01,0.04,0.04,0
2021-08-28T10:50:16Z,Rewards Income,ALGO,0.042445,1.05,0.04,0.04,0
2021-08-29T18:02:08Z,Rewards Income,ALGO,0.04245,1.02,0.04,0.04,0
2021-08-30T15:18:26Z,Rewards Income,ALGO,0.042453,1.01,0.04,0.04,0
2021-08-31T16:38:11Z,Rewards Income,ALGO,0.042458,1.14,0.05,0.05,0
2021-09-01T17:30:00Z,Rewards Income,ALGO,0.042463,1.15,0.05,0.05,0
2021-09-02T11:33:07Z,Rewards Income,ALGO,0.042467,1.16,0.05,0.05,0
2021-09-03T17:55:22Z,Rewards Income,ALGO,0.042473,1.23,0.05,0.05,0
2021-09-04T17:54:37Z,Rewards Income,ALGO,0.042476,1.21,0.05,0.05,0
2021-09-05T18:25:42Z,Rewards Income,ALGO,0.042481,1.3,0.06,0.06,0
2021-09-06T12:58:29Z,Rewards Income,ALGO,0.042485,1.32,0.06,0.06,0
2021-09-07T16:38:17Z,Rewards Income,ALGO,0.042491,1.24,0.05,0.05,0
2021-09-08T15:54:15Z,Rewards Income,ALGO,0.042494,1.67,0.07,0.07,0
2021-09-09T17:59:03Z,Rewards Income,ALGO,0.042499,2.35,0.1,0.1,0
2021-09-10T14:55:46Z,Rewards Income,ALGO,0.030762,1.9,0.06,0.06,0
2021-09-11T14:57:18Z,Rewards Income,ALGO,6.00E-06,2.12,0,0,0
2021-09-12T14:03:49Z,Rewards Income,ALGO,8.00E-06,2.17,0,0,0
2021-09-13T18:16:40Z,Rewards Income,ALGO,8.00E-06,2.2,0,0,0
2021-09-14T17:21:22Z,Rewards Income,ALGO,8.00E-06,2.07,0,0,0
2021-09-15T14:19:03Z,Rewards Income,ALGO,0.009062,2.05,0.02,0.02,0
2021-09-16T12:06:50Z,Rewards Income,ALGO,0.020383,2.19,0.04,0.04,0
2021-09-17T14:54:06Z,Rewards Income,ALGO,0.020384,1.99,0.04,0.04,0
2021-09-18T12:00:24Z,Rewards Income,ALGO,0.020549,1.95,0.04,0.04,0
2021-09-19T17:28:48Z,Rewards Income,ALGO,0.025789,2,0.05,0.05,0
2021-09-21T14:57:18Z,Rewards Income,ALGO,0.035993,1.69,0.06,0.06,0
2021-02-12T15:01:43Z,Rewards Income,ATOM,0.004431,20.16,0.09,0.09,0
2021-03-06T00:04:02Z,Rewards Income,ATOM,0.012609,18.71,0.24,0.24,0
2021-03-06T02:03:30Z,Rewards Income,ATOM,0.002162,18.72,0.04,0.04,0
2021-03-06T06:20:56Z,Rewards Income,ATOM,0.000658,19.06,0.01,0.01,0
2021-03-12T11:48:53Z,Rewards Income,ATOM,0.000577,19.08,0.01,0.01,0
2021-03-26T23:34:27Z,Rewards Income,ATOM,0.001656,18.72,0.03,0.03,0
2021-04-02T13:28:11Z,Rewards Income,ATOM,0.005573,19.57,0.11,0.11,0
2021-04-09T15:23:36Z,Rewards Income,ATOM,0.002199,20.77,0.05,0.05,0
2021-04-16T18:17:05Z,Rewards Income,ATOM,0.007086,26.23,0.19,0.19,0
2021-04-23T13:43:43Z,Rewards Income,ATOM,0.004365,18.05,0.08,0.08,0
2021-04-30T14:09:44Z,Rewards Income,ATOM,0.005562,22.69,0.13,0.13,0
2021-05-07T13:05:31Z,Rewards Income,ATOM,0.005318,25.49,0.14,0.14,0
2021-05-14T13:33:36Z,Rewards Income,ATOM,0.002223,24.36,0.05,0.05,0
2021-05-21T13:45:32Z,Rewards Income,ATOM,0.002214,16.08,0.04,0.04,0
2021-05-28T17:53:44Z,Rewards Income,ATOM,0.00241,12.89,0.03,0.03,0
2021-06-04T11:46:00Z,Rewards Income,ATOM,0.004135,14.31,0.06,0.06,0
2021-06-11T13:58:28Z,Rewards Income,ATOM,0.004789,12.81,0.06,0.06,0
2021-06-18T12:57:16Z,Rewards Income,ATOM,0.005609,12.84,0.07,0.07,0
2021-06-25T13:42:35Z,Rewards Income,ATOM,0.004328,9.61,0.04,0.04,0
2021-07-02T12:14:57Z,Rewards Income,ATOM,0.002868,10.61,0.03,0.03,0
2021-07-09T18:34:58Z,Rewards Income,ATOM,0.002444,13.19,0.03,0.03,0
2021-07-16T13:31:16Z,Rewards Income,ATOM,0.004266,11.77,0.05,0.05,0
2021-07-31T03:16:46Z,Rewards Income,ATOM,0.004993,12.15,0.06,0.06,0
2021-08-06T17:45:41Z,Rewards Income,ATOM,0.002534,13.79,0.03,0.03,0
2021-08-15T21:52:25Z,Rewards Income,ATOM,0.002982,15.67,0.05,0.05,0
2021-08-20T13:52:40Z,Rewards Income,ATOM,0.004122,19.58,0.08,0.08,0
2021-08-27T19:26:02Z,Rewards Income,ATOM,0.005159,20.2,0.1,0.1,0
2021-09-09T03:28:57Z,Rewards Income,ATOM,0.010154,22.72,0.23,0.23,0
2021-02-11T15:09:15Z,Coinbase Earn,COMP,0.00624519,481.98,3.01,3.01,0
2021-02-11T15:12:17Z,Coinbase Earn,COMP,0.00625,481.98,3.01,3.01,0
2021-02-11T15:15:39Z,Coinbase Earn,COMP,0.00626462,481.98,3.02,3.02,0
2021-03-14T16:25:52Z,Coinbase Earn,NMR,0.02353971,42.27,1,1,0
2021-03-14T16:26:48Z,Coinbase Earn,NMR,0.02352388,42.56,1,1,0
2021-03-14T16:27:42Z,Coinbase Earn,NMR,0.02349668,42.56,1,1,0
2021-02-04T02:22:53Z,Coinbase Earn,CGLD,0.66769046,3.01,2.01,2.01,0
2021-02-04T02:25:47Z,Coinbase Earn,CGLD,0.66959055,3.01,2.02,2.02,0
2021-02-04T02:29:01Z,Coinbase Earn,CGLD,0.66963538,2.99,2,2,0
2021-03-28T21:28:04Z,Coinbase Earn,UMA,0.0926269,21.6,2,2,0
2021-03-28T21:30:47Z,Coinbase Earn,UMA,0.09266123,21.6,2,2,0
2021-03-28T21:33:26Z,Coinbase Earn,UMA,0.09265265,21.6,2,2,0
2021-07-28T21:25:06Z,Coinbase Earn,BAL,0.05059249,19.78,1,1,0
2021-07-28T21:25:54Z,Coinbase Earn,BAL,0.0505425,19.8,1,1,0
2021-07-28T21:26:37Z,Coinbase Earn,BAL,0.0505425,19.8,1,1,0
2021-02-11T15:18:51Z,Coinbase Earn,NU,1.66417041,0.6,1,1,0
2021-02-11T15:19:52Z,Coinbase Earn,NU,1.66583375,0.6,1,1,0
2021-02-11T15:21:07Z,Coinbase Earn,NU,1.66750042,0.6,1,1,0
2021-02-11T15:23:26Z,Coinbase Earn,GRT,0.59453032,1.7,1.01,1.01,0
2021-02-11T15:24:18Z,Coinbase Earn,GRT,0.59073724,1.7,1,1,0
2021-02-11T15:25:14Z,Coinbase Earn,GRT,0.58730252,1.7,1,1,0
2021-07-17T15:47:43Z,Coinbase Earn,GRT,1.76678445,0.57,1.01,1.01,0
2021-06-05T21:06:46Z,Coinbase Earn,MATIC,0.64834025,1.55,1,1,0
2021-06-05T21:07:44Z,Coinbase Earn,MATIC,0.64834025,1.54,1,1,0
2021-06-05T21:08:43Z,Coinbase Earn,MATIC,0.64977258,1.54,1,1,0
2021-05-15T03:13:04Z,Coinbase Earn,SKL,1.85908161,0.54,1,1,0
2021-05-15T03:14:23Z,Coinbase Earn,SKL,1.85804534,0.54,1,1,0
2021-05-15T03:15:28Z,Coinbase Earn,SKL,1.85701021,0.54,1,1,0
2021-05-08T04:40:37Z,Coinbase Earn,FORTH,0.02699857,37.1,1,1,0
2021-05-08T04:41:34Z,Coinbase Earn,FORTH,0.02695636,37.14,1,1,0
2021-05-08T04:42:37Z,Coinbase Earn,FORTH,0.02696581,37.13,1,1,0
2021-06-18T13:25:09Z,Coinbase Earn,AMP,11.64551066,0.09,1.05,1.05,0
2021-06-18T13:26:07Z,Coinbase Earn,AMP,11.71097318,0.09,1.05,1.05,0
2021-06-18T13:26:58Z,Coinbase Earn,AMP,11.71097318,0.09,1.05,1.05,0
2021-09-16T19:37:45Z,Coinbase Earn,CHZ,2.95508274,0.34,1,1,0
2021-09-16T19:40:58Z,Coinbase Earn,CHZ,2.95246531,0.34,1,1,0
2021-09-16T19:41:23Z,Coinbase Earn,CHZ,2.95246531,0.34,1,1,0
2021-07-02T15:48:28Z,Coinbase Earn,BOND,0.02953338,33.78,1,1,0
2021-07-02T15:49:15Z,Coinbase Earn,BOND,0.0296824,33.76,1,1,0
2021-07-02T15:49:42Z,Coinbase Earn,BOND,0.0296472,33.76,1,1,0
2021-07-28T21:27:28Z,Coinbase Earn,CLV,0.83333333,1.2,1,1,0
2021-07-28T21:28:05Z,Coinbase Earn,CLV,0.83333333,1.2,1,1,0
2021-07-28T21:28:37Z,Coinbase Earn,CLV,0.83333333,1.2,1,1,0
2021-08-18T19:18:43Z,Coinbase Earn,FET,1.90694127,0.52,0.99,0.99,0
2021-08-18T19:19:22Z,Coinbase Earn,FET,1.93386192,0.52,1.01,1.01,0
2021-08-18T19:19:55Z,Coinbase Earn,FET,1.94476857,0.52,1.01,1.01,0
2021-04-07T18:37:38Z,Receive,BTC,8.90E-05,56050.22,,,
2021-05-26T18:47:00Z,Receive,BTC,0.000258,38687.63,,,
2021-09-11T15:59:24Z,Send,ETH,0.03181892,3311.24,,,
2021-08-02T18:06:26Z,CardSpend,USDC,100,1,,,
2021-08-02T20:57:08Z,CardSpend,USDC,44.88,1,,,
2021-08-02T21:35:56Z,CardSpend,USDC,52.61,1,,,
2021-08-04T11:52:52Z,CardSpend,USDC,10,1,,,
2021-08-08T20:35:25Z,CardSpend,USDC,3.98,1,,,
2021-08-10T23:46:57Z,CardSpend,USDC,7.84,1,,,
2021-08-13T20:43:10Z,CardSpend,USDC,24,1,,,
2021-08-13T20:46:50Z,CardSpend,USDC,22,1,,,
2021-08-13T20:55:26Z,CardSpend,USDC,100,1,,,
2021-08-13T20:56:34Z,CardBuyBack,USDC,75.37,1,,,
2021-08-13T21:20:36Z,CardSpend,USDC,88.5,1,,,
2021-08-14T18:39:15Z,CardSpend,USDC,5.43,1,,,
2021-08-14T20:24:28Z,CardSpend,USDC,3.61,1,,,
2021-08-14T22:00:34Z,CardSpend,USDC,5.79,1,,,
2021-08-15T00:51:19Z,CardSpend,USDC,11.75,1,,,
2021-08-15T01:44:52Z,CardSpend,USDC,26.69,1,,,
2021-08-15T04:12:29Z,CardSpend,USDC,3.1,1,,,
2021-08-15T04:20:48Z,CardSpend,USDC,3.1,1,,,
2021-08-15T04:21:33Z,CardSpend,USDC,3.1,1,,,
2021-08-15T17:49:29Z,CardSpend,USDC,1.52,1,,,
2021-08-16T18:07:39Z,CardSpend,USDC,39.4,1,,,
2021-08-16T19:18:25Z,CardSpend,USDC,13.51,1,,,
2021-08-17T17:03:25Z,CardSpend,USDC,4.03,1,,,
2021-08-17T18:38:43Z,CardSpend,USDC,1.34,1,,,
2021-08-17T19:19:19Z,CardSpend,USDC,33.97,1,,,
2021-08-17T19:57:04Z,CardSpend,USDC,8.51,1,,,
2021-08-19T03:01:37Z,CardSpend,USDC,16.16,1,,,
2021-08-19T14:22:03Z,CardSpend,USDC,5,1,,,
2021-08-19T15:02:36Z,CardSpend,USDC,6.48,1,,,
2021-08-19T15:42:37Z,CardSpend,USDC,22.1,1,,,
2021-08-19T18:56:05Z,CardSpend,USDC,12.93,1,,,
2021-08-19T20:58:09Z,CardSpend,USDC,8.26,1,,,
2021-08-20T18:21:35Z,CardSpend,USDC,10.85,1,,,
2021-08-23T15:08:34Z,CardSpend,USDC,100,1,,,
2021-08-23T15:59:40Z,CardBuyBack,USDC,71.89,1,,,
2021-08-24T18:07:05Z,CardSpend,USDC,3.46,1,,,
2021-08-25T17:59:35Z,CardSpend,USDC,2.46,1,,,
2021-08-26T02:02:26Z,CardSpend,USDC,7.43,1,,,
2021-08-26T19:23:12Z,CardSpend,USDC,109.45,1,,,
2021-08-26T22:26:46Z,CardSpend,USDC,41.42,1,,,
2021-08-26T22:26:55Z,CardSpend,USDC,0.87,1,,,
2021-08-26T23:13:00Z,CardSpend,USDC,63.74,1,,,
2021-08-26T23:16:18Z,CardSpend,USDC,1.35,1,,,
2021-08-27T14:42:03Z,CardSpend,USDC,9.4,1,,,
2021-08-27T23:12:43Z,CardSpend,USDC,100,1,,,
2021-08-27T23:14:10Z,CardBuyBack,USDC,69.07,1,,,
2021-08-28T19:00:36Z,CardSpend,USDC,10.55,1,,,
2021-08-30T08:01:03Z,CardBuyBack,USDC,0.87,1,,,
2021-08-30T14:10:56Z,CardSpend,USDC,0.87,1,,,
2021-08-30T14:25:21Z,CardSpend,USDC,6.62,1,,,
2021-08-30T19:05:24Z,CardSpend,USDC,2.89,1,,,
2021-08-31T14:47:30Z,CardSpend,USDC,8.52,1,,,
2021-08-31T17:32:33Z,CardSpend,USDC,0.74,1,,,
2021-09-01T14:35:41Z,CardSpend,USDC,11.29,1,,,
2021-09-01T22:25:52Z,CardSpend,USDC,100,1,,,
2021-09-01T22:26:58Z,CardBuyBack,USDC,70.91,1,,,
2021-09-02T14:45:44Z,CardSpend,USDC,11.29,1,,,
2021-09-03T01:54:44Z,CardSpend,USDC,21.24,1,,,
2021-09-03T12:45:41Z,CardSpend,USDC,1.25,1,,,
2021-09-03T14:39:34Z,CardSpend,USDC,1,1,,,
2021-09-03T16:20:06Z,CardSpend,USDC,120.93,1,,,
2021-09-04T14:59:59Z,CardSpend,USDC,14.33,1,,,
2021-09-04T15:12:53Z,CardSpend,USDC,0.6,1,,,
2021-09-04T21:09:16Z,CardSpend,USDC,78.5,1,,,
2021-09-07T14:22:05Z,CardSpend,USDC,11.29,1,,,
2021-09-08T20:48:40Z,CardSpend,USDC,100,1,,,
2021-09-08T20:49:42Z,CardBuyBack,USDC,72.94,1,,,
2021-09-08T21:01:50Z,CardSpend,USDC,10.53,1,,,
2021-09-09T14:28:25Z,CardSpend,USDC,11.29,1,,,
2021-09-11T14:29:44Z,CardSpend,USDC,9.73,1,,,
2021-09-11T16:25:00Z,Send,USDC,209.55317,1,,,
2021-09-11T18:02:55Z,CardSpend,USDC,42.57,1,,,
2021-09-11T19:24:13Z,CardSpend,USDC,10.1,1,,,
2021-09-11T20:43:14Z,CardSpend,USDC,161.1,1,,,
2021-09-13T15:30:57Z,CardSpend,USDC,62.66,1,,,
2021-09-13T17:20:23Z,CardSpend,USDC,10.06,1,,,
2021-09-14T00:10:42Z,CardSpend,USDC,100,1,,,
2021-09-14T00:12:08Z,CardBuyBack,USDC,67.36,1,,,
2021-09-14T14:17:45Z,CardSpend,USDC,11.29,1,,,
2021-09-15T16:47:51Z,CardSpend,USDC,10.5,1,,,
2021-09-16T14:20:41Z,CardSpend,USDC,11.29,1,,,
2021-09-16T14:58:35Z,CardSpend,USDC,1.32,1,,,
2021-09-16T16:29:53Z,CardSpend,USDC,11.99,1,,,
2021-09-16T22:30:03Z,CardSpend,USDC,100,1,,,
2021-09-16T22:31:12Z,CardBuyBack,USDC,68.75,1,,,
2021-09-17T19:31:07Z,CardSpend,USDC,6,1,,,
2021-09-17T22:39:54Z,CardSpend,USDC,2.25,1,,,
2021-09-18T15:28:59Z,CardSpend,USDC,153.5,1,,,
2021-09-19T21:12:22Z,CardSpend,USDC,27.25,1,,,
2021-09-20T23:10:08Z,CardSpend,USDC,11.93,1,,,
2021-09-21T14:33:12Z,CardSpend,USDC,12.8,1,,,
2021-09-21T15:49:32Z,CardBuyBack,USDC,0.01,1,,,
2021-09-21T15:49:47Z,CardSpend,USDC,0.01,1,,,
2021-08-02T21:35:41Z,Receive,XLM,7.6460533,0.27,,,
2021-08-03T13:48:52Z,Receive,XLM,14.6807847,0.27,,,
2021-08-04T11:52:51Z,Receive,XLM,8.1691914,0.27,,,
2021-08-09T12:25:10Z,Receive,XLM,0.5326001,0.3,,,
2021-08-11T12:15:42Z,Receive,XLM,0.9623175,0.32,,,
2021-08-13T20:56:34Z,Receive,XLM,2.7800438,0.36,,,
2021-08-14T14:14:35Z,Receive,XLM,2.6224707,0.37,,,
2021-08-14T14:14:43Z,Receive,XLM,2.4039315,0.37,,,
2021-08-14T20:24:13Z,Receive,XLM,0.382288,0.37,,,
2021-08-14T22:00:19Z,Receive,XLM,0.6112908,0.38,,,
2021-08-15T11:54:32Z,Receive,XLM,0.5811051,0.38,,,
2021-08-15T12:04:03Z,Receive,XLM,2.8455593,0.38,,,
2021-08-15T13:37:43Z,Receive,XLM,1.2500432,0.38,,,
2021-08-16T13:48:17Z,Receive,XLM,0.3078225,0.39,,,
2021-08-16T13:49:39Z,Receive,XLM,0.3093952,0.39,,,
2021-08-16T19:18:10Z,Receive,XLM,1.3889282,0.39,,,
2021-08-17T13:15:03Z,Receive,XLM,0.1596838,0.38,,,
2021-08-18T11:46:02Z,Receive,XLM,4.6404121,0.34,,,
2021-08-18T12:11:36Z,Receive,XLM,0.4688981,0.34,,,
2021-08-18T14:47:02Z,Receive,XLM,0.9752068,0.35,,,
2021-08-18T14:52:42Z,Receive,XLM,0.1435631,0.35,,,
2021-08-19T03:01:22Z,Receive,XLM,1.9145239,0.34,,,
2021-08-19T14:22:02Z,Receive,XLM,4.398734,0.35,,,
2021-08-19T18:55:50Z,Receive,XLM,1.4443321,0.36,,,
2021-08-19T20:57:54Z,Receive,XLM,0.9059563,0.36,,,
2021-08-20T14:25:51Z,Receive,XLM,0.688122,0.38,,,
2021-08-21T14:29:21Z,Receive,XLM,2.3504933,0.37,,,
2021-08-22T12:40:28Z,Receive,GRT,0.42515325,1.01,,,
2021-08-25T12:03:16Z,Receive,GRT,1.21904762,0.92,,,
2021-08-25T14:19:42Z,Receive,GRT,0.15283009,0.92,,,
2021-08-26T14:47:58Z,Receive,GRT,0.11396011,0.88,,,
2021-08-27T14:20:11Z,Receive,GRT,0.33364845,0.9,,,
2021-08-27T23:14:10Z,Receive,GRT,1.32280777,0.94,,,
2021-08-28T10:18:50Z,Receive,GRT,4.73385571,0.93,,,
2021-08-28T14:46:28Z,Receive,GRT,0.41194645,0.92,,,
2021-08-29T14:36:03Z,Receive,GRT,0.05567619,0.9,,,
2021-08-29T14:39:07Z,Receive,GRT,2.84804825,0.9,,,
2021-08-30T12:18:41Z,Receive,GRT,0.48653345,0.86,,,
2021-08-30T14:09:43Z,Receive,GRT,1.892277,0.88,,,
2021-08-30T14:10:56Z,Receive,GRT,0.03415106,0.88,,,
2021-08-31T14:21:01Z,Receive,GRT,0.13532563,0.89,,,
2021-08-31T14:26:22Z,Receive,GRT,0.29380191,0.88,,,
2021-09-01T15:22:06Z,Receive,GRT,0.38204394,0.89,,,
2021-09-01T15:23:04Z,Receive,GRT,0.03370029,0.89,,,
2021-09-02T14:34:44Z,Receive,GRT,0.49097158,0.92,,,
2021-09-03T12:30:38Z,Receive,GRT,1.25067385,0.93,,,
2021-09-03T16:29:45Z,Receive,GRT,0.4862762,0.93,,,
2021-09-04T12:01:12Z,Receive,GRT,0.88532445,0.96,,,
2021-09-04T14:51:33Z,Receive,GRT,0.042123,0.95,,,
2021-09-04T15:05:06Z,Receive,GRT,5.08697252,0.95,,,
2021-09-04T15:12:53Z,Receive,GRT,0.0736377,0.95,,,
2021-09-05T11:38:43Z,Receive,GRT,0.56229654,1.01,,,
2021-09-08T14:27:13Z,Receive,GRT,0.56593096,0.8,,,
2021-09-09T14:59:00Z,Receive,GRT,1.23252496,0.88,,,
2021-09-10T11:52:12Z,Receive,GRT,0.49810247,0.84,,,
2021-09-10T15:01:50Z,Receive,GRT,0.56008464,0.8,,,
2021-09-11T20:42:58Z,Receive,GRT,7.38659173,0.87,,,
2021-09-12T12:07:35Z,Receive,GRT,0.44137619,0.88,,,
2021-09-13T12:25:07Z,Receive,GRT,0.47328877,0.85,,,
2021-09-13T12:45:41Z,Receive,GRT,2.00625479,0.85,,,
2021-09-14T14:40:38Z,Receive,GRT,0.46563064,0.86,,,
2021-09-14T14:53:51Z,Receive,GRT,1.5250291,0.86,,,
2021-09-15T14:20:58Z,Receive,GRT,0.5097706,0.88,,,
2021-09-16T14:58:30Z,Receive,GRT,2.9527105,0.87,,,
2021-09-16T15:33:57Z,Receive,GRT,0.47806044,0.88,,,
2021-09-17T15:12:43Z,Receive,GRT,0.57654195,0.83,,,
2021-09-17T15:14:54Z,Receive,GRT,0.54080038,0.83,,,
2021-09-18T12:23:32Z,Receive,GRT,1.49022413,0.84,,,
2021-09-18T16:01:26Z,Receive,GRT,0.2862254,0.84,,,
2021-09-18T16:38:57Z,Receive,GRT,0.10753331,0.84,,,
2021-09-20T15:56:33Z,Receive,GRT,1.54107168,0.71,,,
2021-09-11T16:31:48Z,Send,CRV,31.60272499,2.24,,,
Total,,,,,,,100.82
